{"spot_diameter_fullres": 89.47789776697327, "tissue_hires_scalef": 0.17211704, "fiducial_diameter_fullres": 144.54121946972606, "tissue_lowres_scalef": 0.051635113}