{"regist_target_img_scalef": 0.25943702, "tissue_hires_scalef": 0.08647901, "tissue_lowres_scalef": 0.025943702, "fiducial_diameter_fullres": 323.7419448316662, "spot_diameter_fullres": 215.82796322111085}