{"spot_diameter_fullres": 143.31714641818704, "tissue_hires_scalef": 0.1039393, "fiducial_diameter_fullres": 214.97571962728054, "tissue_lowres_scalef": 0.03118179}