{"spot_diameter_fullres": 89.51740943380355, "tissue_hires_scalef": 0.17211704, "fiducial_diameter_fullres": 144.60504600845186, "tissue_lowres_scalef": 0.051635113}