{"spot_diameter_fullres": 177.4315737458628, "tissue_hires_scalef": 0.08250825, "fiducial_diameter_fullres": 286.6202345125476, "tissue_lowres_scalef": 0.024752475}