{"spot_diameter_fullres": 67.02201000000001, "tissue_hires_scalef": 0.2019998, "fiducial_diameter_fullres": 108.26633, "tissue_lowres_scalef": 0.060599938}