{"spot_diameter_fullres": 89.45675017406688, "tissue_hires_scalef": 0.17699115, "fiducial_diameter_fullres": 144.50705797349266, "tissue_lowres_scalef": 0.053097345}