{"spot_diameter_fullres": 177.4829519178534, "tissue_hires_scalef": 0.08250825, "fiducial_diameter_fullres": 286.7032300211478, "tissue_lowres_scalef": 0.024752475}